Workbook

Sheet 0. Document Details
B2: Bundle Pricing Tool | F2: How to use this tool
B4: Document details | F4: Step 1. Set product names
B5: Document owner | C5: Joe Bloggs | F5: First, set the names of your products. You can enter up to three products and the names will propagate throughout the Excel sheets.
B6: Document version | C6: 1.0
B7: Last updated | C7: =TODAY() -> 45423
F8: Step 2. Survey and input customer perceived value
B9: Cell Reference | F9: This bundle pricing tool assumes that customers want to maximize the difference between their perceived value of a product and the actual cost (i.e. they want to maximimize value for money). To calculate this, you will need to survey customers to determine how much they believe each product is worth. Input the results into the worksheet:
B10: Grey | C10: Title / Text (Do not overwrite)
B11: White | C11: Calculation (Do not overwrite)
B12: Blue | C12: Input (Overwrite)
F19: Step 3. Test product prices
F20: Now you must input prices for each product and product bundle. This worksheet will automatically estimate the revenue generated from each pricing combination and compare individual pricing vs bundled pricing. Continue to change price variables until you've determined your desired price.

Sheet 1. Dashboard
B2: INPUTS | H2: OUTPUTS
B4: Product Name | H4: Key Metrics
B5: Product 1 | C5: A | I5: Individual Pricing | J5: Bundled Pricing | K5: Difference
B6: Product 2 | C6: B | H6: Revenue / Customer | I6: ='2. Individual Revenue'!I36/COUNTA($C$11:$C$40) -> 5.025 | J6: ='3. Bundle Revenue'!O37/COUNTA($C$11:$C$40) -> 6.1916667 | K6: =J6/I6-1 -> 0.23217247
B7: Product 3 | C7: C | H7: Number of Products Purchased | I7: ='2. Individual Revenue'!J36 -> 44 | J7: ='3. Bundle Revenue'!N37 -> 68 | K7: =J7/I7-1 -> 0.54545455
H8: Average Purchase Value | I8: ='2. Individual Revenue'!I36/I7 -> 3.4261364 | J8: ='3. Bundle Revenue'!O37/J7 -> 2.7316176 | K8: =J8/I8-1 -> -0.20271193
B10: Customer Perceived Value | C10: =C5 -> A | D10: =C6 -> B | E10: =C7 -> C
B11: Customer 1 | C11: 5 | D11: 2.5 | E11: 1.5
B12: Customer 2 | C12: 3 | D12: 3.5 | E12: 1.5
B13: Customer 3 | C13: 2.5 | D13: 4.5 | E13: 1
B14: Customer 4 | C14: 4.5 | D14: 3 | E14: 2.5
B15: Customer 5 | C15: 7.5 | D15: 4 | E15: 1
B16: Customer 6 | C16: 6 | D16: 1.5 | E16: 2
B17: Customer 7 | C17: 4.5 | D17: 4.5 | E17: 1
B18: Customer 8 | C18: 4.5 | D18: 4.5 | E18: 2
B19: Customer 9 | C19: 7.5 | D19: 3.5 | E19: 2
B20: Customer 10 | C20: 7 | D20: 2 | E20: 1.5
B21: Customer 11 | C21: 4 | D21: 1 | E21: 1
B22: Customer 12 | C22: 4 | D22: 4.5 | E22: 2
... B40: Customer 30 | C40: 5 | D40: 3 | E40: 1.5
B41: Average | C41: =AVERAGE(C11:C40) -> 5.3333333 | D41: =AVERAGE(D11:D40) -> 2.9666667 | E41: =AVERAGE(E11:E40) -> 1.6166667
B44: Product Name | C44: Price
B45: =C5 -> A | C45: 5.5
B46: =C6 -> B | C46: 3
B47: =C7 -> C | C47: 1.75
B48: =_xlfn.CONCAT(C5, " & ", C6) -> A & B | C48: 8
B49: =_xlfn.CONCAT(C5, " & ", C7) -> A & C | C49: 7
B50: =_xlfn.CONCAT(C6, " & ", C7) -> B & C | C50: 4
B51: =_xlfn.CONCAT(C5,", ",C6," & ",C7) -> A, B & C | C51: 8

Sheet Calculations →

Sheet 2. Individual Revenue
D3: Customer Perceived Value | F3: Revenue | J3: Products
B4: Product | C4: ='1. Dashboard'!C5 -> A | D4: ='1. Dashboard'!C6 -> B | E4: ='1. Dashboard'!C7 -> C | F4: =C4 -> A | G4: =D4 -> B | H4: =E4 -> C | I4: Total | J4: Number of Products
B5: Price | C5: ='1. Dashboard'!C45 -> 5.5 | D5: ='1. Dashboard'!C46 -> 3 | E5: ='1. Dashboard'!C47 -> 1.75 | F5: =C5 -> 5.5 | G5: =D5 -> 3 | H5: =E5 -> 1.75
B6: Customer 1 | C6: ='1. Dashboard'!C11 -> 5 | D6: ='1. Dashboard'!D11 -> 2.5 | E6: ='1. Dashboard'!E11 -> 1.5 | F6: =IF(C6>=F$5,F$5,0) -> 0 | G6: =IF(D6>=G$5,G$5,0) -> 0 | H6: =IF(E6>=H$5,H$5,0) -> 0 | I6: =SUM(F6:H6) -> 0 | J6: =COUNTIF(F6:H6,">0") -> 0
B7: Customer 2 | C7: ='1. Dashboard'!C12 -> 3 | D7: ='1. Dashboard'!D12 -> 3.5 | E7: ='1. Dashboard'!E12 -> 1.5 | F7: =IF(C7>=F$5,F$5,0) -> 0 | G7: =IF(D7>=G$5,G$5,0) -> 3 | H7: =IF(E7>=H$5,H$5,0) -> 0 | I7: =SUM(F7:H7) -> 3 | J7: =COUNTIF(F7:H7,">0") -> 1
B8: Customer 3 | C8: ='1. Dashboard'!C13 -> 2.5 | D8: ='1. Dashboard'!D13 -> 4.5 | E8: ='1. Dashboard'!E13 -> 1 | F8: =IF(C8>=F$5,F$5,0) -> 0 | G8: =IF(D8>=G$5,G$5,0) -> 3 | H8: =IF(E8>=H$5,H$5,0) -> 0 | I8: =SUM(F8:H8) -> 3 | J8: =COUNTIF(F8:H8,">0") -> 1
B9: Customer 4 | C9: ='1. Dashboard'!C14 -> 4.5 | D9: ='1. Dashboard'!D14 -> 3 | E9: ='1. Dashboard'!E14 -> 2.5 | F9: =IF(C9>=F$5,F$5,0) -> 0 | G9: =IF(D9>=G$5,G$5,0) -> 3 | H9: =IF(E9>=H$5,H$5,0) -> 1.75 | I9: =SUM(F9:H9) -> 4.75 | J9: =COUNTIF(F9:H9,">0") -> 2
B10: Customer 5 | C10: ='1. Dashboard'!C15 -> 7.5 | D10: ='1. Dashboard'!D15 -> 4 | E10: ='1. Dashboard'!E15 -> 1 | F10: =IF(C10>=F$5,F$5,0) -> 5.5 | G10: =IF(D10>=G$5,G$5,0) -> 3 | H10: =IF(E10>=H$5,H$5,0) -> 0 | I10: =SUM(F10:H10) -> 8.5 | J10: =COUNTIF(F10:H10,">0") -> 2
B11: Customer 6 | C11: ='1. Dashboard'!C16 -> 6 | D11: ='1. Dashboard'!D16 -> 1.5 | E11: ='1. Dashboard'!E16 -> 2 | F11: =IF(C11>=F$5,F$5,0) -> 5.5 | G11: =IF(D11>=G$5,G$5,0) -> 0 | H11: =IF(E11>=H$5,H$5,0) -> 1.75 | I11: =SUM(F11:H11) -> 7.25 | J11: =COUNTIF(F11:H11,">0") -> 2
B12: Customer 7 | C12: ='1. Dashboard'!C17 -> 4.5 | D12: ='1. Dashboard'!D17 -> 4.5 | E12: ='1. Dashboard'!E17 -> 1 | F12: =IF(C12>=F$5,F$5,0) -> 0 | G12: =IF(D12>=G$5,G$5,0) -> 3 | H12: =IF(E12>=H$5,H$5,0) -> 0 | I12: =SUM(F12:H12) -> 3 | J12: =COUNTIF(F12:H12,">0") -> 1
B13: Customer 8 | C13: ='1. Dashboard'!C18 -> 4.5 | D13: ='1. Dashboard'!D18 -> 4.5 | E13: ='1. Dashboard'!E18 -> 2 | F13: =IF(C13>=F$5,F$5,0) -> 0 | G13: =IF(D13>=G$5,G$5,0) -> 3 | H13: =IF(E13>=H$5,H$5,0) -> 1.75 | I13: =SUM(F13:H13) -> 4.75 | J13: =COUNTIF(F13:H13,">0") -> 2
B14: Customer 9 | C14: ='1. Dashboard'!C19 -> 7.5 | D14: ='1. Dashboard'!D19 -> 3.5 | E14: ='1. Dashboard'!E19 -> 2 | F14: =IF(C14>=F$5,F$5,0) -> 5.5 | G14: =IF(D14>=G$5,G$5,0) -> 3 | H14: =IF(E14>=H$5,H$5,0) -> 1.75 | I14: =SUM(F14:H14) -> 10.25 | J14: =COUNTIF(F14:H14,">0") -> 3
B15: Customer 10 | C15: ='1. Dashboard'!C20 -> 7 | D15: ='1. Dashboard'!D20 -> 2 | E15: ='1. Dashboard'!E20 -> 1.5 | F15: =IF(C15>=F$5,F$5,0) -> 5.5 | G15: =IF(D15>=G$5,G$5,0) -> 0 | H15: =IF(E15>=H$5,H$5,0) -> 0 | I15: =SUM(F15:H15) -> 5.5 | J15: =COUNTIF(F15:H15,">0") -> 1
B16: Customer 11 | C16: ='1. Dashboard'!C21 -> 4 | D16: ='1. Dashboard'!D21 -> 1 | E16: ='1. Dashboard'!E21 -> 1 | F16: =IF(C16>=F$5,F$5,0) -> 0 | G16: =IF(D16>=G$5,G$5,0) -> 0 | H16: =IF(E16>=H$5,H$5,0) -> 0 | I16: =SUM(F16:H16) -> 0 | J16: =COUNTIF(F16:H16,">0") -> 0
B17: Customer 12 | C17: ='1. Dashboard'!C22 -> 4 | D17: ='1. Dashboard'!D22 -> 4.5 | E17: ='1. Dashboard'!E22 -> 2 | F17: =IF(C17>=F$5,F$5,0) -> 0 | G17: =IF(D17>=G$5,G$5,0) -> 3 | H17: =IF(E17>=H$5,H$5,0) -> 1.75 | I17: =SUM(F17:H17) -> 4.75 | J17: =COUNTIF(F17:H17,">0") -> 2
... B35: Customer 30 | C35: ='1. Dashboard'!C40 -> 5 | D35: ='1. Dashboard'!D40 -> 3 | E35: ='1. Dashboard'!E40 -> 1.5 | F35: =IF(C35>=F$5,F$5,0) -> 0 | G35: =IF(D35>=G$5,G$5,0) -> 3 | H35: =IF(E35>=H$5,H$5,0) -> 0 | I35: =SUM(F35:H35) -> 3 | J35: =COUNTIF(F35:H35,">0") -> 1
B36: Revenue | F36: =SUM(F6:F35) -> 77 | G36: =SUM(G6:G35) -> 51 | H36: =SUM(H6:H35) -> 22.75 | I36: =SUM(I6:I35) -> 150.75 | J36: =SUM(J6:J35) -> 44

Sheet 3. Bundle Revenue
D3: Customer Perceived Value | G3: Individual Value Differential | J3: Bundle Value Differential | M3: Purchases
F4: 1 | G4: 1 | H4: 1 | I4: 2 | J4: 2 | K4: 2 | L4: 3
B5: Product | C5: ='1. Dashboard'!C5 -> A | D5: ='1. Dashboard'!C6 -> B | E5: ='1. Dashboard'!C7 -> C | F5: =C5 -> A | G5: =D5 -> B | H5: =E5 -> C | I5: =_xlfn.CONCAT(C5," & ",D5) -> A & B | J5: =_xlfn.CONCAT(C5," & ",E5) -> A & C | K5: =_xlfn.CONCAT(D5," & ",E5) -> B & C | L5: =_xlfn.CONCAT(C5,", ",D5," & ",E5) -> A, B & C | M5: Product Purchased | N5: Number of Products | O5: Revenue
B6: Price | F6: ='1. Dashboard'!C45 -> 5.5 | G6: ='1. Dashboard'!C46 -> 3 | H6: ='1. Dashboard'!C47 -> 1.75 | I6: ='1. Dashboard'!C48 -> 8 | J6: ='1. Dashboard'!C49 -> 7 | K6: ='1. Dashboard'!C50 -> 4 | L6: ='1. Dashboard'!C51 -> 8
B7: Customer 1 | C7: ='1. Dashboard'!C11 -> 5 | D7: ='1. Dashboard'!D11 -> 2.5 | E7: ='1. Dashboard'!E11 -> 1.5 | F7: =C7-F$6 -> -0.5 | G7: =D7-G$6 -> -0.5 | H7: =E7-H$6 -> -0.25 | I7: =C7+D7-I$6 -> -0.5 | J7: =C7+E7-J$6 -> -0.5 | K7: =D7+E7-K$6 -> 0 | L7: =C7+D7+E7-L$6 -> 1 | M7: {=IF(MAX(F7:L7)>0,INDEX($F$5:$L$5,0,MATCH(MAX(F7:L7),F7:L7,0)),0)} -> A, B & C | N7: {=IF(MAX(F7:L7)>0,INDEX($F$4:$L$4,0,MATCH(MAX(F7:L7),F7:L7,0)),0)} -> 3 | O7: =IF(M7=0,0,HLOOKUP(M7,$F$5:$L$6,2,FALSE)) -> 8
B8: Customer 2 | C8: ='1. Dashboard'!C12 -> 3 | D8: ='1. Dashboard'!D12 -> 3.5 | E8: ='1. Dashboard'!E12 -> 1.5 | F8: =C8-F$6 -> -2.5 | G8: =D8-G$6 -> 0.5 | H8: =E8-H$6 -> -0.25 | I8: =C8+D8-I$6 -> -1.5 | J8: =C8+E8-J$6 -> -2.5 | K8: =D8+E8-K$6 -> 1 | L8: =C8+D8+E8-L$6 -> 0 | M8: {=IF(MAX(F8:L8)>0,INDEX($F$5:$L$5,0,MATCH(MAX(F8:L8),F8:L8,0)),0)} -> B & C | N8: {=IF(MAX(F8:L8)>0,INDEX($F$4:$L$4,0,MATCH(MAX(F8:L8),F8:L8,0)),0)} -> 2 | O8: =IF(M8=0,0,HLOOKUP(M8,$F$5:$L$6,2,FALSE)) -> 4
B9: Customer 3 | C9: ='1. Dashboard'!C13 -> 2.5 | D9: ='1. Dashboard'!D13 -> 4.5 | E9: ='1. Dashboard'!E13 -> 1 | F9: =C9-F$6 -> -3 | G9: =D9-G$6 -> 1.5 | H9: =E9-H$6 -> -0.75 | I9: =C9+D9-I$6 -> -1 | J9: =C9+E9-J$6 -> -3.5 | K9: =D9+E9-K$6 -> 1.5 | L9: =C9+D9+E9-L$6 -> 0 | M9: {=IF(MAX(F9:L9)>0,INDEX($F$5:$L$5,0,MATCH(MAX(F9:L9),F9:L9,0)),0)} -> B | N9: {=IF(MAX(F9:L9)>0,INDEX($F$4:$L$4,0,MATCH(MAX(F9:L9),F9:L9,0)),0)} -> 1 | O9: =IF(M9=0,0,HLOOKUP(M9,$F$5:$L$6,2,FALSE)) -> 3
B10: Customer 4 | C10: ='1. Dashboard'!C14 -> 4.5 | D10: ='1. Dashboard'!D14 -> 3 | E10: ='1. Dashboard'!E14 -> 2.5 | F10: =C10-F$6 -> -1 | G10: =D10-G$6 -> 0 | H10: =E10-H$6 -> 0.75 | I10: =C10+D10-I$6 -> -0.5 | J10: =C10+E10-J$6 -> 0 | K10: =D10+E10-K$6 -> 1.5 | L10: =C10+D10+E10-L$6 -> 2 | M10: {=IF(MAX(F10:L10)>0,INDEX($F$5:$L$5,0,MATCH(MAX(F10:L10),F10:L10,0)),0)} -> A, B & C | N10: {=IF(MAX(F10:L10)>0,INDEX($F$4:$L$4,0,MATCH(MAX(F10:L10),F10:L10,0)),0)} -> 3 | O10: =IF(M10=0,0,HLOOKUP(M10,$F$5:$L$6,2,FALSE)) -> 8
B11: Customer 5 | C11: ='1. Dashboard'!C15 -> 7.5 | D11: ='1. Dashboard'!D15 -> 4 | E11: ='1. Dashboard'!E15 -> 1 | F11: =C11-F$6 -> 2 | G11: =D11-G$6 -> 1 | H11: =E11-H$6 -> -0.75 | I11: =C11+D11-I$6 -> 3.5 | J11: =C11+E11-J$6 -> 1.5 | K11: =D11+E11-K$6 -> 1 | L11: =C11+D11+E11-L$6 -> 4.5 | M11: {=IF(MAX(F11:L11)>0,INDEX($F$5:$L$5,0,MATCH(MAX(F11:L11),F11:L11,0)),0)} -> A, B & C | N11: {=IF(MAX(F11:L11)>0,INDEX($F$4:$L$4,0,MATCH(MAX(F11:L11),F11:L11,0)),0)} -> 3 | O11: =IF(M11=0,0,HLOOKUP(M11,$F$5:$L$6,2,FALSE)) -> 8
B12: Customer 6 | C12: ='1. Dashboard'!C16 -> 6 | D12: ='1. Dashboard'!D16 -> 1.5 | E12: ='1. Dashboard'!E16 -> 2 | F12: =C12-F$6 -> 0.5 | G12: =D12-G$6 -> -1.5 | H12: =E12-H$6 -> 0.25 | I12: =C12+D12-I$6 -> -0.5 | J12: =C12+E12-J$6 -> 1 | K12: =D12+E12-K$6 -> -0.5 | L12: =C12+D12+E12-L$6 -> 1.5 | M12: {=IF(MAX(F12:L12)>0,INDEX($F$5:$L$5,0,MATCH(MAX(F12:L12),F12:L12,0)),0)} -> A, B & C | N12: {=IF(MAX(F12:L12)>0,INDEX($F$4:$L$4,0,MATCH(MAX(F12:L12),F12:L12,0)),0)} -> 3 | O12: =IF(M12=0,0,HLOOKUP(M12,$F$5:$L$6,2,FALSE)) -> 8
B13: Customer 7 | C13: ='1. Dashboard'!C17 -> 4.5 | D13: ='1. Dashboard'!D17 -> 4.5 | E13: ='1. Dashboard'!E17 -> 1 | F13: =C13-F$6 -> -1 | G13: =D13-G$6 -> 1.5 | H13: =E13-H$6 -> -0.75 | I13: =C13+D13-I$6 -> 1 | J13: =C13+E13-J$6 -> -1.5 | K13: =D13+E13-K$6 -> 1.5 | L13: =C13+D13+E13-L$6 -> 2 | M13: {=IF(MAX(F13:L13)>0,INDEX($F$5:$L$5,0,MATCH(MAX(F13:L13),F13:L13,0)),0)} -> A, B & C | N13: {=IF(MAX(F13:L13)>0,INDEX($F$4:$L$4,0,MATCH(MAX(F13:L13),F13:L13,0)),0)} -> 3 | O13: =IF(M13=0,0,HLOOKUP(M13,$F$5:$L$6,2,FALSE)) -> 8
B14: Customer 8 | C14: ='1. Dashboard'!C18 -> 4.5 | D14: ='1. Dashboard'!D18 -> 4.5 | E14: ='1. Dashboard'!E18 -> 2 | F14: =C14-F$6 -> -1 | G14: =D14-G$6 -> 1.5 | H14: =E14-H$6 -> 0.25 | I14: =C14+D14-I$6 -> 1 | J14: =C14+E14-J$6 -> -0.5 | K14: =D14+E14-K$6 -> 2.5 | L14: =C14+D14+E14-L$6 -> 3 | M14: {=IF(MAX(F14:L14)>0,INDEX($F$5:$L$5,0,MATCH(MAX(F14:L14),F14:L14,0)),0)} -> A, B & C | N14: {=IF(MAX(F14:L14)>0,INDEX($F$4:$L$4,0,MATCH(MAX(F14:L14),F14:L14,0)),0)} -> 3 | O14: =IF(M14=0,0,HLOOKUP(M14,$F$5:$L$6,2,FALSE)) -> 8
B15: Customer 9 | C15: ='1. Dashboard'!C19 -> 7.5 | D15: ='1. Dashboard'!D19 -> 3.5 | E15: ='1. Dashboard'!E19 -> 2 | F15: =C15-F$6 -> 2 | G15: =D15-G$6 -> 0.5 | H15: =E15-H$6 -> 0.25 | I15: =C15+D15-I$6 -> 3 | J15: =C15+E15-J$6 -> 2.5 | K15: =D15+E15-K$6 -> 1.5 | L15: =C15+D15+E15-L$6 -> 5 | M15: {=IF(MAX(F15:L15)>0,INDEX($F$5:$L$5,0,MATCH(MAX(F15:L15),F15:L15,0)),0)} -> A, B & C | N15: {=IF(MAX(F15:L15)>0,INDEX($F$4:$L$4,0,MATCH(MAX(F15:L15),F15:L15,0)),0)} -> 3 | O15: =IF(M15=0,0,HLOOKUP(M15,$F$5:$L$6,2,FALSE)) -> 8
B16: Customer 10 | C16: ='1. Dashboard'!C20 -> 7 | D16: ='1. Dashboard'!D20 -> 2 | E16: ='1. Dashboard'!E20 -> 1.5 | F16: =C16-F$6 -> 1.5 | G16: =D16-G$6 -> -1 | H16: =E16-H$6 -> -0.25 | I16: =C16+D16-I$6 -> 1 | J16: =C16+E16-J$6 -> 1.5 | K16: =D16+E16-K$6 -> -0.5 | L16: =C16+D16+E16-L$6 -> 2.5 | M16: {=IF(MAX(F16:L16)>0,INDEX($F$5:$L$5,0,MATCH(MAX(F16:L16),F16:L16,0)),0)} -> A, B & C | N16: {=IF(MAX(F16:L16)>0,INDEX($F$4:$L$4,0,MATCH(MAX(F16:L16),F16:L16,0)),0)} -> 3 | O16: =IF(M16=0,0,HLOOKUP(M16,$F$5:$L$6,2,FALSE)) -> 8
B17: Customer 11 | C17: ='1. Dashboard'!C21 -> 4 | D17: ='1. Dashboard'!D21 -> 1 | E17: ='1. Dashboard'!E21 -> 1 | F17: =C17-F$6 -> -1.5 | G17: =D17-G$6 -> -2 | H17: =E17-H$6 -> -0.75 | I17: =C17+D17-I$6 -> -3 | J17: =C17+E17-J$6 -> -2 | K17: =D17+E17-K$6 -> -2 | L17: =C17+D17+E17-L$6 -> -2 | M17: {=IF(MAX(F17:L17)>0,INDEX($F$5:$L$5,0,MATCH(MAX(F17:L17),F17:L17,0)),0)} -> 0 | N17: {=IF(MAX(F17:L17)>0,INDEX($F$4:$L$4,0,MATCH(MAX(F17:L17),F17:L17,0)),0)} -> 0 | O17: =IF(M17=0,0,HLOOKUP(M17,$F$5:$L$6,2,FALSE)) -> 0
B18: Customer 12 | C18: ='1. Dashboard'!C22 -> 4 | D18: ='1. Dashboard'!D22 -> 4.5 | E18: ='1. Dashboard'!E22 -> 2 | F18: =C18-F$6 -> -1.5 | G18: =D18-G$6 -> 1.5 | H18: =E18-H$6 -> 0.25 | I18: =C18+D18-I$6 -> 0.5 | J18: =C18+E18-J$6 -> -1 | K18: =D18+E18-K$6 -> 2.5 | L18: =C18+D18+E18-L$6 -> 2.5 | M18: {=IF(MAX(F18:L18)>0,INDEX($F$5:$L$5,0,MATCH(MAX(F18:L18),F18:L18,0)),0)} -> B & C | N18: {=IF(MAX(F18:L18)>0,INDEX($F$4:$L$4,0,MATCH(MAX(F18:L18),F18:L18,0)),0)} -> 2 | O18: =IF(M18=0,0,HLOOKUP(M18,$F$5:$L$6,2,FALSE)) -> 4
... B36: Customer 30 | C36: ='1. Dashboard'!C40 -> 5 | D36: ='1. Dashboard'!D40 -> 3 | E36: ='1. Dashboard'!E40 -> 1.5 | F36: =C36-F$6 -> -0.5 | G36: =D36-G$6 -> 0 | H36: =E36-H$6 -> -0.25 | I36: =C36+D36-I$6 -> 0 | J36: =C36+E36-J$6 -> -0.5 | K36: =D36+E36-K$6 -> 0.5 | L36: =C36+D36+E36-L$6 -> 1.5 | M36: {=IF(MAX(F36:L36)>0,INDEX($F$5:$L$5,0,MATCH(MAX(F36:L36),F36:L36,0)),0)} -> A, B & C | N36: {=IF(MAX(F36:L36)>0,INDEX($F$4:$L$4,0,MATCH(MAX(F36:L36),F36:L36,0)),0)} -> 3 | O36: =IF(M36=0,0,HLOOKUP(M36,$F$5:$L$6,2,FALSE)) -> 8
B37: Total Revenue | N37: =SUM(N7:N36) -> 68 | O37: =SUM(O7:O36) -> 185.75
