Workbook

Sheet 0. Document Details
B2: Project Plan Template v1.0
B4: Document details
B5: Document owner | C5: Joe Bloggs
B6: Document version | C6: 1.0
B7: Last updated | C7: =TODAY() -> 45423

Sheet 1. Checklist
B2: Project Management Tasks
C4: Task | D4: Frequency During Project | E4: Current Status | F4: Completion Date | G4: Informed
B5: 1 | C5: Define project scope | D5: Once
B6: 2 | C6: Complete Project Plan (tab 2) | D6: Once
B7: 3 | C7: Complete Stakeholder Register (tab 4, table 1) | D7: Once
B8: 4 | C8: Delineate project tasks (tab 4, column L6:30) | D8: Once
B9: 5 | C9: Complete RACI (tab 4, table 2) | D9: Once
B10: 6 | C10: Complete Budget (tab 5) | D10: Once
B11: 7 | C11: Document and update risks and issues (tab 6) | D11: Weekly (Mondays)
B12: 8
B13: 9
B14: 10
B15: 11
B16: 12

Sheet 2. Project Plan
B2: Project Plan
B4: 1. Key Project Details | G4: 2. Project Description
B5: Proposed Project Name | C5: Example Project | G5: Project Description:
B6: Project Identification | D6: Name of Requestor
B7: Project Manager Assigned | D7: Date of Initiation | G7: Expected Benefits:
B8: Name of Sponsor | D8: Department of Sponsor | G8: Estimated Budget: | I8: Funding Source:
B10: 3. Project Scope | G10: 4. Schedule and Milestones
B11: 3.1 Inclusions | G11: 4.1 Project Timeline
G12: Soonest Possible Start: | I12: Soonest Possible End:
G13: Latest Possible Start: | I13: Latest Possible End:
G14: 4.2 Key Milestones
G15: Milestone | I15: Planned Start | J15: Actual Start | K15: Planned End | L15: Actual End
B17: 3.2 Exclusions
B23: 5. Risks of Proposed Project (if applicable) | G23: 6. Completion Criteria
B24: 5.1 Known Risks

Sheet 3. Change Requests
B2: =CONCATENATE("Change Requests for ",'2. Project Plan'!C5) -> Change Requests for Example Project
B4: Date | C4: Requested By | D4: Description of Change | E4: Reason for Change | F4: Type of Change | G4: Approved? | H4: Date Approved | I4: Approved By | J4: Next Steps | K4: Additional Comments

Sheet 4. Key Stakeholders
B2: =CONCATENATE("Roles and Responsibilities for ",'2. Project Plan'!C5) -> Roles and Responsibilities for Example Project
B4: 1. Key Project Stakeholders | E4: 2. RACI
B5: 2.1 Project Stakeholders | C5: Relationship/Relevance to Project | E5: Project Tasks | F5: =B6 -> Name | G5: =B7 -> Name | H5: =B8 -> Name | I5: =B9 -> Name | J5: =B10 -> Name | K5: =B12 -> Name | L5: =B13 -> Name | M5: =B14 -> Name | N5: =B15 -> Name | O5: =B16 -> Name | P5: =B18 -> Name | Q5: =B19 -> Name | R5: =B20 -> Name | S5: =B21 -> Name | T5: =B22 -> Name
B6: Name | C6: Role | E6: Task | F6: I | G6: AR | I6: R | J6: C | K6: C | L6: R
B7: Name | C7: Role | E7: Task | F7: I | G7: AR | I7: C | J7: R | L7: R
B8: Name | C8: Role | E8: Task | F8: C | G8: I | I8: R | K8: C | L8: AR
B9: Name | C9: Role | E9: Task | G9: I | I9: C | K9: AR | L9: C
B10: Name | C10: Role | E10: Task | F10: R | G10: AR | I10: C | J10: I | L10: R
B11: 2.2 Core Project Team | C11: Project Role/Responsibility | E11: Task | F11: A
B12: Name | C12: Role | E12: Task | F12: AR | G12: R | I12: R | L12: R
B13: Name | C13: Role
B14: Name | C14: Role
B15: Name | C15: Role
B16: Name | C16: Role
B17: 2.3 Other | C17: Relation to Project
B18: Name | C18: Role
B19: Name | C19: Role
B20: Name | C20: Role
B21: Name | C21: Role
B22: Name | C22: Role

Sheet 5. Budget
B2: =CONCATENATE("Budget for ",'2. Project Plan'!C5) -> Budget for Example Project
B4: Project Budget | C4: Starting Point | D4: Year 1 | P4: Year 1
D5: Month 1 | E5: Month 2 | F5: Month 3 | G5: Month 4 | H5: Month 5 | I5: Month 6 | J5: Month 7 | K5: Month 8 | L5: Month 9 | M5: Month 10 | N5: Month 11 | O5: Month 12 | P5: Total
B6: Milestone | C6: 100000 | D6: 25000 | E6: =D6 -> 25000 | F6: =E6 -> 25000 | G6: =F6 -> 25000 | H6: =G6 -> 25000 | I6: =H6 -> 25000 | J6: =I6 -> 25000 | K6: =J6 -> 25000 | L6: =K6 -> 25000 | ... O6: =N6 -> 25000 | P6: =SUM(D6:O6) -> 300000
B7: Milestone | H7: 50000 | I7: 50000 | J7: 50000 | K7: 50000 | L7: 50000 | M7: 50000 | N7: 50000 | O7: 50000 | P7: =SUM(D7:O7) -> 400000
B8: Milestone | J8: 175000 | K8: 175000 | L8: 175000 | P8: =SUM(D8:O8) -> 525000
B9: Milestone | L9: 75000 | M9: 75000 | N9: 75000 | O9: 75000 | P9: =SUM(D9:O9) -> 300000
P10: =SUM(D10:O10) -> 0
P11: =SUM(D11:O11) -> 0
P12: =SUM(D12:O12) -> 0
P13: =SUM(D13:O13) -> 0
B14: Contingency (10%) | C14: =SUM(C6:C13)*0.1 -> 10000 | D14: =SUM(D6:D13)*0.1 -> 2500 | E14: =SUM(E6:E13)*0.1 -> 2500 | F14: =SUM(F6:F13)*0.1 -> 2500 | G14: =SUM(G6:G13)*0.1 -> 2500 | H14: =SUM(H6:H13)*0.1 -> 7500 | I14: =SUM(I6:I13)*0.1 -> 7500 | J14: =SUM(J6:J13)*0.1 -> 25000 | ... O14: =SUM(O6:O13)*0.1 -> 15000 | P14: =SUM(D14:O14) -> 152500
B15: Budgeted Monthly Spend | C15: =SUM(C6:C14) -> 110000 | D15: =SUM(D6:D14) -> 27500 | E15: =SUM(E6:E14) -> 27500 | F15: =SUM(F6:F14) -> 27500 | G15: =SUM(G6:G14) -> 27500 | H15: =SUM(H6:H14) -> 82500 | I15: =SUM(I6:I14) -> 82500 | J15: =SUM(J6:J14) -> 275000 | ... O15: =SUM(O6:O14) -> 165000 | P15: =SUM(D15:O15) -> 1677500
B16: Budgeted Cumulative Spend | C16: =C15 -> 110000 | D16: =C16+D15 -> 137500 | E16: =D16+E15 -> 165000 | F16: =E16+F15 -> 192500 | G16: =F16+G15 -> 220000 | H16: =G16+H15 -> 302500 | I16: =H16+I15 -> 385000 | J16: =I16+J15 -> 660000 | K16: =J16+K15 -> 935000 | ... O16: =N16+O15 -> 1787500 | P16: =O16 -> 1787500

Sheet 6. Risks & Issues
B2: =CONCATENATE("Risks and Issues Tracking for ",'2. Project Plan'!C5) -> Risks and Issues Tracking for Example Project
B4: R/I | C4: Description of Issue/Risk | D4: Likelihood | E4: Impact | F4: Effort | G4: Description of Impact on Project | H4: Resolution/Mitigation Plan | I4: Assigned To | J4: Reported By | K4: Date | L4: Comments
B5: R | C5: Risk 1 | D5: Low | E5: Low | F5: Very High
B6: I | C6: Issue 1 | D6: Very High | E6: Medium | F6: High
B7: R | C7: Risk 2 | D7: Very High | E7: Very High | F7: Very High
B8: I | C8: Issue 2 | D8: Medium | E8: Low | F8: Low
B9: R | C9: Risk 3 | D9: Medium | E9: High | F9: Very High

Sheet 7. Timeline
B2: =CONCATENATE("Risks and Issues Tracking for ",'2. Project Plan'!C5) -> Risks and Issues Tracking for Example Project
B4: Milestone | D4: Owner | E4: Due Date | F4: Status | G4: Wk 1 | H4: Wk 2 | I4: Wk 3 | J4: Wk 4 | K4: Wk 5 | L4: Wk 6 | M4: Wk 7 | N4: Wk 8 | O4: Wk 9 | P4: Wk10
B5: Phase 1: Describe phase here
B6: 1.1 | C6: Milestone
B7: 1.2 | C7: Milestone
B8: 1.3 | C8: Milestone
B9: Phase 2: Describe phase here
B10: 2.1 | C10: Milestone
B11: 2.2 | C11: Milestone
B12: 2.3 | C12: Milestone
B13: 2.4 | C13: Milestone
B14: Phase 3: Describe phase here
B15: 3.1 | C15: Milestone
B16: 3.2 | C16: Milestone
B17: 3.3 | C17: Milestone
